reference_svt,reference_rs,notes,image_index,designation,quantite_achat,quantite_stock,confidence,product_url,image_url,image_candidate_count,last_scraped_index,image_source,fournisseur,stable_image_url
990002,554-51300,,0,Ce produit n’existe pas ou n’est pas défini dans votre organisation :  '55451300',,,,,,,0,,,
990005,554-51400,,0,Ce produit n’existe pas ou n’est pas défini dans votre organisation :  '55451400',,,,,,,0,,,
990006,HNE55451101,,0,,,,,,,,,,,
090004,HNE55451101,,0,,,,,,,,,,,
990004,554-51301,,0,Ce produit n’existe pas ou n’est pas défini dans votre organisation :  '55451301',,,,,,,0,,,
990003,554-51401,,0,Ce produit n’existe pas ou n’est pas défini dans votre organisation :  '55451401',,,,,,,0,,,
990007,700-4541,,0,"Gaine thermorétractable, Noir Polyoléfine RS PRO, , Rétreint 3:1 Diam. 18 mm, Long. 3m RS PRO",1 bobine de 3 mètres,,,https://fr.rs-online.com/web/p/gaines-thermoretractables/7004541,"https://media.rs-online.com/image/upload/bo_1.5px_solid_white,b_auto,c_pad,dpr_2,f_auto,h_399,q_auto,w_710/c_pad,h_399,w_710/F7004541-01?pgw=1",2,0,product-img,RS,https://abysse8.github.io/inventaire-images/images/990007__700-4541.jpg
990001,5020412,,0,,,,,,,,,,,
990001,6 030 060 010,,0,,,,,,,,,,,
990000,5020413,,0,,,,,,,,,,,
990000,6 030 080 010,,0,,,,,,,,,,,
090007,718-1272P,,0,TE Connectivity série 963143 Femelle Fiche mâle de cavité Enfichable,1 paquet de 10 unités,,,https://fr.rs-online.com/web/p/joints-de-connecteur-automobile/7181272,"https://media.rs-online.com/image/upload/bo_1.5px_solid_white,b_auto,c_pad,dpr_2,f_auto,h_399,q_auto,w_710/c_pad,h_399,w_710/F7181272-01?pgw=1",2,0,product-img,RS,https://abysse8.github.io/inventaire-images/images/090007__718-1272P.jpg
090007,718-1272P,duplicate on sheet,0,TE Connectivity série 963143 Femelle Fiche mâle de cavité Enfichable,1 paquet de 10 unités,,,https://fr.rs-online.com/web/p/joints-de-connecteur-automobile/7181272,"https://media.rs-online.com/image/upload/bo_1.5px_solid_white,b_auto,c_pad,dpr_2,f_auto,h_399,q_auto,w_710/c_pad,h_399,w_710/F7181272-01?pgw=1",2,0,product-img,RS,https://abysse8.github.io/inventaire-images/images/090007__718-1272P.jpg
090006,1-967067-1,,0,Ce produit n’existe pas ou n’est pas défini dans votre organisation :  '19670671',,,,,,,0,,,
010080,756-1183,,0,Capot pour connecteur automobile HDSCS TE Connectivity Capuchon,1 paquet de 5 unités,,,https://fr.rs-online.com/web/p/capots-pour-connecteurs-automobiles/7561183,"https://media.rs-online.com/image/upload/bo_1.5px_solid_white,b_auto,c_pad,dpr_2,f_auto,h_399,q_auto,w_710/c_pad,h_399,w_710/F7561183-01?pgw=1",2,0,product-img,RS,https://abysse8.github.io/inventaire-images/images/010080__756-1183.jpg
010076,2292864-3,,0,Ce produit n’existe pas ou n’est pas défini dans votre organisation :  '22928643',,,,,,,0,,,
010075,010075,,0,,,,,,,,,,,
010075,571-2292801-3,,0,Ce produit n’existe pas ou n’est pas défini dans votre organisation :  '57122928013',,,,,,,0,,,
030020,0305-118-0295,,0,Ce produit n’existe pas ou n’est pas défini dans votre organisation :  '03051180295',,,,,,,0,,,
030020,5026369,,0,,,,,,,,,,,
030021,0305-118-0350,,0,Ce produit n’existe pas ou n’est pas défini dans votre organisation :  '03051180350',,,,,,,0,,,
030021,5020784,,0,,,,,,,,,,,
030022,0305-118-0375,,0,Ce produit n’existe pas ou n’est pas défini dans votre organisation :  '03051180375',,,,,,,0,,,
030022,5024773,,0,,,,,,,,,,,
030024,0305-118-0385,,0,Ce produit n’existe pas ou n’est pas défini dans votre organisation :  '03051180385',,,,,,,0,,,
030024,5024277,,0,,,,,,,,,,,
030025,0305-118-0380,,0,Ce produit n’existe pas ou n’est pas défini dans votre organisation :  '03051180380',,,,,,,0,,,
030025,5024057,,0,,,,,,,,,,,
030026,0305-118-0434,,0,Ce produit n’existe pas ou n’est pas défini dans votre organisation :  '03051180434',,,,,,,0,,,
030026,5023386,,0,,,,,,,,,,,
030027,0305-118-0450,,0,Ce produit n’existe pas ou n’est pas défini dans votre organisation :  '03051180450',,,,,,,0,,,
030027,5021827,,0,,,,,,,,,,,
030028,0305-118-0475,,0,Ce produit n’existe pas ou n’est pas défini dans votre organisation :  '03051180475',,,,,,,0,,,
030028,5020253,,0,,,,,,,,,,,
030029,0305-118-0485,,0,Ce produit n’existe pas ou n’est pas défini dans votre organisation :  '03051180485',,,,,,,0,,,
030029,5026468,,0,,,,,,,,,,,
030030,0305-118-0480,,0,Ce produit n’existe pas ou n’est pas défini dans votre organisation :  '03051180480',,,,,,,0,,,
030030,5026466,,0,,,,,,,,,,,
030031,0305-118-0534,,0,Ce produit n’existe pas ou n’est pas défini dans votre organisation :  '03051180534',,,,,,,0,,,
030031,5023324,,0,,,,,,,,,,,
030032,0305-118-0550,,0,Ce produit n’existe pas ou n’est pas défini dans votre organisation :  '03051180550',,,,,,,0,,,
030032,5026464,,0,,,,,,,,,,,
030033,0305-118-0875,,0,Ce produit n’existe pas ou n’est pas défini dans votre organisation :  '03051180875',,,,,,,0,,,
030033,5026074,,0,,,,,,,,,,,
010067,484-795,,0,"Manchon Sub-D MH Connectors série MHDPPK-SLIM,  Manchon Sub-D Droit  15 contacts boîtier A en Polyamide Serre Câble Noir",1 paquet de 5 unités,6,,https://fr.rs-online.com/web/p/capots-pour-connecteurs-sub-d/0484795,"https://media.rs-online.com/image/upload/bo_1.5px_solid_white,b_auto,c_pad,dpr_2,f_auto,h_399,q_auto,w_710/c_pad,h_399,w_710/F0484795-01?pgw=1",2,0,product-img,RS,https://abysse8.github.io/inventaire-images/images/010067__484-795.jpg
010067,5021836,,0,,,,,,,,,,,
010028,281-5867,,0,WAGO série 22 (TOPJOB S) Cavalier continu à utiliser avec Bloc de jonction,1 sachet de 25 unités,,,https://fr.rs-online.com/web/p/accessoires-pour-blocs-de-jonction/2815867,"https://media.rs-online.com/image/upload/bo_1.5px_solid_white,b_auto,c_pad,dpr_2,f_auto,h_399,q_auto,w_710/c_pad,h_399,w_710/Y2815867-01?pgw=1",2,0,product-img,RS,https://abysse8.github.io/inventaire-images/images/010028__281-5867.jpg
010028,5026432,,0,,,,,,,,,,,
990008,289-0968,,0,"Conduit souple HellermannTyton, en Polyamide 6, en Polyamide 6 Noir, diamètre nominal 16 mm 50 m",1 bobine de 50 mètres,,,https://fr.rs-online.com/web/p/conduits/2890968,"https://media.rs-online.com/image/upload/bo_1.5px_solid_white,b_auto,c_pad,dpr_2,f_auto,h_399,q_auto,w_710/c_pad,h_399,w_710/Y2890968-01?pgw=1",2,0,product-img,RS,https://abysse8.github.io/inventaire-images/images/990008__289-0968.jpg
990009,288-1175,,0,"Conduit souple HellermannTyton, en Polyamide 6, en Polyamide 6 Noir, diamètre nominal 28 mm 50 m",1 bobine de 25 mètres,,,https://fr.rs-online.com/web/p/conduits/2881175,"https://media.rs-online.com/image/upload/bo_1.5px_solid_white,b_auto,c_pad,dpr_2,f_auto,h_399,q_auto,w_710/c_pad,h_399,w_710/Y2881175-01?pgw=1",2,0,product-img,RS,https://abysse8.github.io/inventaire-images/images/990009__288-1175.jpg
010072,154-8139,,0,"Connecteur cylindrique série SACC, M12 Phoenix Contact Droit, 4 contacts Connecteur mâle, Câble Femelle IP65, IP67",1 unité,,,https://fr.rs-online.com/web/p/connecteurs-circulaires-industriels/1548139,"https://media.rs-online.com/image/upload/bo_1.5px_solid_white,b_auto,c_pad,dpr_2,f_auto,h_399,q_auto,w_710/c_pad,h_399,w_710/F1548139-01?pgw=1",2,0,product-img,RS,https://abysse8.github.io/inventaire-images/images/010072__154-8139.jpg
010074,726-6803,,0,"Connecteur automobile AMPSEAL 16,  TE Connectivity type Câble type Boîtier de connecteur pour l'automobile  Rouge,  type",1 unité,,,https://fr.rs-online.com/web/p/connecteurs-automobiles/7266803,"https://media.rs-online.com/image/upload/bo_1.5px_solid_white,b_auto,c_pad,dpr_2,f_auto,h_399,q_auto,w_710/c_pad,h_399,w_710/F7266803-01?pgw=1",2,0,product-img,RS,https://abysse8.github.io/inventaire-images/images/010074__726-6803.jpg
010073,1717676-1,,0,Ce produit n’existe pas ou n’est pas défini dans votre organisation :  '17176761',,,,,,,0,,,
010079,183-9233,,0,"Connecteur automobile HDSCS,  TE Connectivity type Montage enfichable type Boîtier à cosses  Noir,  type Contact serti",1 unité,,,https://fr.rs-online.com/web/p/connecteurs-automobiles/1839233,"https://media.rs-online.com/image/upload/bo_1.5px_solid_white,b_auto,c_pad,dpr_2,f_auto,h_399,q_auto,w_710/c_pad,h_399,w_710/R1839054-01?pgw=1",2,0,product-img,RS,https://abysse8.github.io/inventaire-images/images/010079__183-9233.jpg
010078,909-7820,,0,"Connecteur automobile MPC,  TE Connectivity type Montage enfichable type Connecteur de câblage automobile  Noir,  type",1 unité,,,https://fr.rs-online.com/web/p/connecteurs-automobiles/9097820,"https://media.rs-online.com/image/upload/bo_1.5px_solid_white,b_auto,c_pad,dpr_2,f_auto,h_399,q_auto,w_710/c_pad,h_399,w_710/R9097820-01?pgw=1",2,0,product-img,RS,https://abysse8.github.io/inventaire-images/images/010078__909-7820.jpg
010081,534-648A,,0,"Connecteur d'épissure 345040VM, Type Crosse RS PRO Bleu, Isolé placage Etain 14 AWG",1 paquet de 100 unités,,,https://fr.rs-online.com/web/p/prolongateurs-a-sertir/0534648,"https://media.rs-online.com/image/upload/bo_1.5px_solid_white,b_auto,c_pad,dpr_2,f_auto,h_399,q_auto,w_710/c_pad,h_399,w_710/F0534648-01?pgw=1",2,0,product-img,RS,https://abysse8.github.io/inventaire-images/images/010081__534-648A.jpg
010046,5024587,,0,,,,,,,,,,,
010046,523-2FA1-NCSP-C04-1,,0,Ce produit n’existe pas ou n’est pas défini dans votre organisation :  '52321041',,,,,,,0,,,
010047,5024586,,0,,,,,,,,,,,
010047,523-2FA1-NDSP-C04-1,,0,Ce produit n’existe pas ou n’est pas défini dans votre organisation :  '52321041',,,,,,,0,,,
010048,5024585,,0,,,,,,,,,,,
010048,523-FA1-NKSP-C04-1,,0,Ce produit n’existe pas ou n’est pas défini dans votre organisation :  '5231041',,,,,,,0,,,
010025,5026420,,0,,,,,,,,,,,
010025,681-2663,,0,"Connecteur automobile, série AMP MCP 2.8 Femelle, Droit TE Connectivity, , pas 5.5 mm, 21 contacts sur 3 rangs",1 paquet de 5 unités,,,https://fr.rs-online.com/web/p/boitiers-de-connecteurs-pour-circuits-imprimes/6812663,"https://media.rs-online.com/image/upload/bo_1.5px_solid_white,b_auto,c_pad,dpr_2,f_auto,h_399,q_auto,w_710/c_pad,h_399,w_710/F6812663-01?pgw=1",2,0,product-img,RS,https://abysse8.github.io/inventaire-images/images/010025__681-2663.jpg
010060,5024771,,0,,,,,,,,,,,
010060,124-7083,handwritten correction; printed looked like 508-5337,0,"Connecteur cylindrique série T411, M12 TE Connectivity Droit, 5 contacts Embase, Câble Femelle IP67",1 unité,47,,https://fr.rs-online.com/web/p/connecteurs-circulaires-industriels/1247083,"https://media.rs-online.com/image/upload/bo_1.5px_solid_white,b_auto,c_pad,dpr_2,f_auto,h_399,q_auto,w_710/c_pad,h_399,w_710/F1247083-01?pgw=1",2,0,product-img,RS,https://abysse8.github.io/inventaire-images/images/010060__124-7083.jpg
010049,123-1058,,0,"Connecteur cylindrique série M12, M12 HARTING Droit, 8 contacts Connecteur mâle, Câble Mâle IP67",1 unité,118,,https://fr.rs-online.com/web/p/connecteurs-circulaires-industriels/1231058,"https://media.rs-online.com/image/upload/bo_1.5px_solid_white,b_auto,c_pad,dpr_2,f_auto,h_399,q_auto,w_710/c_pad,h_399,w_710/F1231058-01?pgw=1",2,0,product-img,RS,https://abysse8.github.io/inventaire-images/images/010049__123-1058.jpg
010049,5024334,,0,,,,,,,,,,,
010071,124-7083,handwritten correction; printed was 253-0339,0,"Connecteur cylindrique série T411, M12 TE Connectivity Droit, 5 contacts Embase, Câble Femelle IP67",1 unité,47,,https://fr.rs-online.com/web/p/connecteurs-circulaires-industriels/1247083,"https://media.rs-online.com/image/upload/bo_1.5px_solid_white,b_auto,c_pad,dpr_2,f_auto,h_399,q_auto,w_710/c_pad,h_399,w_710/F1247083-01?pgw=1",2,0,product-img,RS,https://abysse8.github.io/inventaire-images/images/010071__124-7083.jpg
010071,5024772,,0,,,,,,,,,,,
010065,5026541,,0,,,,,,,,,,,
010065,731-3088,,0,"Connecteur automobile AMP MCP 2.8,  TE Connectivity type Câble type Boîtier de connecteur pour l'automobile  Gris,  type",1 paquet de 5 unités,,,https://fr.rs-online.com/web/p/connecteurs-automobiles/7313088,"https://media.rs-online.com/image/upload/bo_1.5px_solid_white,b_auto,c_pad,dpr_2,f_auto,h_399,q_auto,w_710/c_pad,h_399,w_710/R7313088-01?pgw=1",2,0,product-img,RS,https://abysse8.github.io/inventaire-images/images/010065__731-3088.jpg
060000,5024605,,0,,,,,,,,,,,
060000,556_20064,,0,,,,,,,,,,,
030054,749-5461,,0,"Fil de câblage, Ecogen Ecowire Plus, 0.75 mm², Blanc Alpha Wire 19, 300V, 18 AWG, 30 m Polyéthylène, Ether de",1 bobine de 30 mètres,90,,https://fr.rs-online.com/web/p/fils-de-cablage/7495461,"https://media.rs-online.com/image/upload/bo_1.5px_solid_white,b_auto,c_pad,dpr_2,f_auto,h_399,q_auto,w_710/c_pad,h_399,w_710/R7495348-01?pgw=1",2,0,product-img,RS,https://abysse8.github.io/inventaire-images/images/030054__749-5461.jpg
030059,FAU48-0.5-25M-BLANC,,0,"Cordon Mâle 5, M12, Droit vers  Mâle vers Câble spirale Molex, 10 m",1 paquet de 8 unités,,,https://fr.rs-online.com/web/p/cables-pour-capteurs-et-d-actionneur-actionneurs/0480525,"https://media.rs-online.com/image/upload/bo_1.5px_solid_white,b_auto,c_pad,dpr_2,f_auto,h_399,q_auto,w_710/c_pad,h_399,w_710/Y0480525-01?pgw=1",2,0,product-img,RS,https://abysse8.github.io/inventaire-images/images/030059__FAU48-0.5-25M-BLANC.jpg
030055,FAU48-0.5-25M-BLEU,,0,"Cordon Mâle 5, M12, Droit vers  Mâle vers Câble spirale Molex, 10 m",1 paquet de 8 unités,,,https://fr.rs-online.com/web/p/cables-pour-capteurs-et-d-actionneur-actionneurs/0480525,"https://media.rs-online.com/image/upload/bo_1.5px_solid_white,b_auto,c_pad,dpr_2,f_auto,h_399,q_auto,w_710/c_pad,h_399,w_710/Y0480525-01?pgw=1",2,0,product-img,RS,https://abysse8.github.io/inventaire-images/images/030055__FAU48-0.5-25M-BLEU.jpg
030058,FAU48-0.5-25M-MARRON,,0,"Cordon Mâle 5, M12, Droit vers  Mâle vers Câble spirale Molex, 10 m",1 paquet de 8 unités,,,https://fr.rs-online.com/web/p/cables-pour-capteurs-et-d-actionneur-actionneurs/0480525,"https://media.rs-online.com/image/upload/bo_1.5px_solid_white,b_auto,c_pad,dpr_2,f_auto,h_399,q_auto,w_710/c_pad,h_399,w_710/Y0480525-01?pgw=1",2,0,product-img,RS,https://abysse8.github.io/inventaire-images/images/030058__FAU48-0.5-25M-MARRON.jpg
030056,FAU48-0.5-25M-ORAN,,0,"Cordon Mâle 5, M12, Droit vers  Mâle vers Câble spirale Molex, 10 m",1 paquet de 8 unités,,,https://fr.rs-online.com/web/p/cables-pour-capteurs-et-d-actionneur-actionneurs/0480525,"https://media.rs-online.com/image/upload/bo_1.5px_solid_white,b_auto,c_pad,dpr_2,f_auto,h_399,q_auto,w_710/c_pad,h_399,w_710/Y0480525-01?pgw=1",2,0,product-img,RS,https://abysse8.github.io/inventaire-images/images/030056__FAU48-0.5-25M-ORAN.jpg
030057,FAU48-0.5-25M-ROUGE,,0,"Cordon Mâle 5, M12, Droit vers  Mâle vers Câble spirale Molex, 10 m",1 paquet de 8 unités,,,https://fr.rs-online.com/web/p/cables-pour-capteurs-et-d-actionneur-actionneurs/0480525,"https://media.rs-online.com/image/upload/bo_1.5px_solid_white,b_auto,c_pad,dpr_2,f_auto,h_399,q_auto,w_710/c_pad,h_399,w_710/Y0480525-01?pgw=1",2,0,product-img,RS,https://abysse8.github.io/inventaire-images/images/030057__FAU48-0.5-25M-ROUGE.jpg
030038,5024327,,0,,,,,,,,,,,
030037,5024326,,0,,,,,,,,,,,
080000,,blank on sheet,0,,,,,,,,,,,
080001,,blank on sheet,0,,,,,,,,,,,
090001,5023029,,0,,,,,,,,,,,
090001,787-4126,,0,"Fusible automobile Littelfuse 2A, Gris, 32V c.c.",1 paquet de 10 unités,8,,https://fr.rs-online.com/web/p/fusibles-automobiles/7874126,"https://media.rs-online.com/image/upload/bo_1.5px_solid_white,b_auto,c_pad,dpr_2,f_auto,h_399,q_auto,w_710/c_pad,h_399,w_710/F7874126-01?pgw=1",2,0,product-img,RS,https://abysse8.github.io/inventaire-images/images/090001__787-4126.jpg
090002,5021070,,0,,,,,,,,,,,
090002,563-778,,0,"Fusible automobile RS PRO 60A, Brun roux, 32V c.c.",1 paquet de 10 unités,8,,https://fr.rs-online.com/web/p/fusibles-automobiles/0563778,"https://media.rs-online.com/image/upload/bo_1.5px_solid_white,b_auto,c_pad,dpr_2,f_auto,h_399,q_auto,w_710/c_pad,h_399,w_710/X0563778-01?pgw=1",2,0,product-img,RS,https://abysse8.github.io/inventaire-images/images/090002__563-778.jpg
090003,5021072,,0,,,,,,,,,,,
090003,787-4142,handwritten correction; printed looked like 563-740,0,"Fusible automobile Littelfuse 3A, Violet, 32V c.c.",1 paquet de 10 unités,,,https://fr.rs-online.com/web/p/fusibles-automobiles/7874142,"https://media.rs-online.com/image/upload/bo_1.5px_solid_white,b_auto,c_pad,dpr_2,f_auto,h_399,q_auto,w_710/c_pad,h_399,w_710/F7874142-01?pgw=1",2,0,product-img,RS,https://abysse8.github.io/inventaire-images/images/090003__787-4142.jpg
030013,0315-118-0850,,0,Ce produit n’existe pas ou n’est pas défini dans votre organisation :  '03151180850',,,,,,,0,,,
030013,5024845,,0,,,,,,,,,,,
030014,0345-118-0234,,0,Ce produit n’existe pas ou n’est pas défini dans votre organisation :  '03451180234',,,,,,,0,,,
030014,5026465,,0,,,,,,,,,,,
030044,0345-118-0234,,0,Ce produit n’existe pas ou n’est pas défini dans votre organisation :  '03451180234',,,,,,,0,,,
030044,5026465,,0,,,,,,,,,,,
030015,0305-118-0434,,0,Ce produit n’existe pas ou n’est pas défini dans votre organisation :  '03051180434',,,,,,,0,,,
030015,5026467,,0,,,,,,,,,,,
030016,0305-118-0234,,0,Ce produit n’existe pas ou n’est pas défini dans votre organisation :  '03051180234',,,,,,,0,,,
030016,5023620,,0,,,,,,,,,,,
030017,0305-118-0250,,0,Ce produit n’existe pas ou n’est pas défini dans votre organisation :  '03051180250',,,,,,,0,,,
030017,5020249,,0,,,,,,,,,,,
030034,0305-118-0275,,0,Ce produit n’existe pas ou n’est pas défini dans votre organisation :  '03051180275',,,,,,,0,,,
030034,5020783,,0,,,,,,,,,,,
030018,0305-118-0275,,0,Ce produit n’existe pas ou n’est pas défini dans votre organisation :  '03051180275',,,,,,,0,,,
030018,5020256,,0,,,,,,,,,,,
030019,0305-118-0280,,0,Ce produit n’existe pas ou n’est pas défini dans votre organisation :  '03051180280',,,,,,,0,,,
030019,5023022,,0,,,,,,,,,,,
030004,5022841,,0,,,,,,,,,,,
030048,0345-118-0250,,0,Ce produit n’existe pas ou n’est pas défini dans votre organisation :  '03451180250',,,,,,,0,,,
030048,5026073,,0,,,,,,,,,,,
030006,0315-118-0334,,0,Ce produit n’existe pas ou n’est pas défini dans votre organisation :  '03151180334',,,,,,,0,,,
030006,5020266,,0,,,,,,,,,,,
030007,0315-118-0350,,0,Ce produit n’existe pas ou n’est pas défini dans votre organisation :  '03151180350',,,,,,,0,,,
030007,5023511,,0,,,,,,,,,,,
030039,5020965,,0,,,,,,,,,,,
030008,0315-118-0434,,0,Ce produit n’existe pas ou n’est pas défini dans votre organisation :  '03151180434',,,,,,,0,,,
030008,5020267,,0,,,,,,,,,,,
030009,0315-118-0450,,0,Ce produit n’existe pas ou n’est pas défini dans votre organisation :  '03151180450',,,,,,,0,,,
030009,5020269,,0,,,,,,,,,,,
030010,0315-118-0475,,0,Ce produit n’existe pas ou n’est pas défini dans votre organisation :  '03151180475',,,,,,,0,,,
030010,5022881,,0,,,,,,,,,,,
030011,0315-118-0734,,0,Ce produit n’existe pas ou n’est pas défini dans votre organisation :  '03151180734',,,,,,,0,,,
030011,5021414,,0,,,,,,,,,,,
030012,0315-118-0834,,0,Ce produit n’existe pas ou n’est pas défini dans votre organisation :  '03151180834',,,,,,,0,,,
030012,5024844,,0,,,,,,,,,,,
010045,758-1698,,0,"Bloc de mise à la terre WAGO 800V, Vert, Jaune, 2.5mm² IECEx/ATEX 1 Borne à cage",1 paquet de 10 unités,,,https://fr.rs-online.com/web/p/borniers-rail-din/7581698,"https://media.rs-online.com/image/upload/bo_1.5px_solid_white,b_auto,c_pad,dpr_2,f_auto,h_399,q_auto,w_710/c_pad,h_399,w_710/F7581698-01?pgw=1",2,0,product-img,RS,https://abysse8.github.io/inventaire-images/images/010045__758-1698.jpg
010068,123-7993,,0,"Bloc de jonction de traversée Phoenix Contact PT 2.5/S-QUATTRO 500V, Gris, 0.14mm², 2.5 mm² 4 Enfichable",1 paquet de 5 unités,,,https://fr.rs-online.com/web/p/borniers-rail-din/1237993,"https://media.rs-online.com/image/upload/bo_1.5px_solid_white,b_auto,c_pad,dpr_2,f_auto,h_399,q_auto,w_710/c_pad,h_399,w_710/F1237993-01?pgw=1",2,0,product-img,RS,https://abysse8.github.io/inventaire-images/images/010068__123-7993.jpg
010068,5022452,,0,,,,,,,,,,,
010023,5026418,,0,,,,,,,,,,,
010023,507-6563,,0,"Bloc de jonction de traversée WAGO 800V, Gris, 2.5mm² IECEx/ATEX 1 Borne à cage",1 paquet de 10 unités,,,https://fr.rs-online.com/web/p/borniers-rail-din/5076563,"https://media.rs-online.com/image/upload/bo_1.5px_solid_white,b_auto,c_pad,dpr_2,f_auto,h_399,q_auto,w_710/c_pad,h_399,w_710/F5076563-01?pgw=1",2,0,product-img,RS,https://abysse8.github.io/inventaire-images/images/010023__507-6563.jpg
010024,5020642,,0,,,,,,,,,,,
010024,652-3672,,0,Phoenix Contact CLIPFIX 35 Butée d&#146;arrêt pour Blocs terminal à rail DIN,1 paquet de 5 unités,,,https://fr.rs-online.com/web/p/accessoires-de-borniers-pour-rail-din/6523672,"https://media.rs-online.com/image/upload/bo_1.5px_solid_white,b_auto,c_pad,dpr_2,f_auto,h_399,q_auto,w_710/c_pad,h_399,w_710/Y6523672-04?pgw=1",2,0,product-img,RS,https://abysse8.github.io/inventaire-images/images/010024__652-3672.jpg
030036,130001681,,0,,,,,,,,,,,
030036,5020606,,0,,,,,,,,,,,
030053,09456000502,,0,,,,,,,,,,,
030045,5021009,,0,,,,,,,,,,,
030001,0315-118-0250,,0,Ce produit n’existe pas ou n’est pas défini dans votre organisation :  '03151180250',,,,,,,0,,,
030001,5020265,,0,,,,,,,,,,,
030002,0315-118-0275,,0,Ce produit n’existe pas ou n’est pas défini dans votre organisation :  '03151180275',,,,,,,0,,,
030002,5021895,,0,,,,,,,,,,,
030003,0315-118-0285,,0,Ce produit n’existe pas ou n’est pas défini dans votre organisation :  '03151180285',,,,,,,0,,,
030003,5024897,,0,,,,,,,,,,,
030004,0315-118-0280,partially visible at bottom of page,0,Ce produit n’existe pas ou n’est pas défini dans votre organisation :  '03151180280',,,,,,,0,,,
010055,5020804,,0,,,,,,,,,,,
010018,5020684,,0,,,,,,,,,,,
010018,531-4449,,0,"Gaine de connecteur, série MULTILOCK 040 Mâle, Droit TE Connectivity, , pas 2.5 mm, 12 contacts sur 2 rangs",1 unité,18,,https://fr.rs-online.com/web/p/boitiers-de-connecteurs-pour-circuits-imprimes/5314449,"https://media.rs-online.com/image/upload/bo_1.5px_solid_white,b_auto,c_pad,dpr_2,f_auto,h_399,q_auto,w_710/c_pad,h_399,w_710/F5314449-01?pgw=1",2,0,product-img,RS,https://abysse8.github.io/inventaire-images/images/010018__531-4449.jpg
010064,362-8780,,0,"Gaine de connecteur, série MULTILOCK 040 Mâle, Droit TE Connectivity, , pas 2.5 mm, 16 contacts sur 2 rangs",,,,https://fr.rs-online.com/web/p/boitiers-de-connecteurs-pour-circuits-imprimes/3628780,"https://media.rs-online.com/image/upload/bo_1.5px_solid_white,b_auto,c_pad,dpr_2,f_auto,h_399,q_auto,w_710/c_pad,h_399,w_710/F3628780-01?pgw=1",2,0,product-img,RS,https://abysse8.github.io/inventaire-images/images/010064__362-8780.jpg
010064,5026423,,0,,,,,,,,,,,
010019,362-8796,,0,"Gaine de connecteur, série MULTILOCK 040 Mâle, Droit TE Connectivity, , pas 2.5 mm, 20 contacts sur 2 rangs",,57,,https://fr.rs-online.com/web/p/boitiers-de-connecteurs-pour-circuits-imprimes/3628796,"https://media.rs-online.com/image/upload/bo_1.5px_solid_white,b_auto,c_pad,dpr_2,f_auto,h_399,q_auto,w_710/c_pad,h_399,w_710/F3628796-01?pgw=1",2,0,product-img,RS,https://abysse8.github.io/inventaire-images/images/010019__362-8796.jpg
010019,5020682,,0,,,,,,,,,,,
010020,362-8768,,0,"Gaine de connecteur, série MULTILOCK 040 Mâle, Droit TE Connectivity, , pas 2.5 mm, 8 contacts sur 2 rangs",1 unité,10,,https://fr.rs-online.com/web/p/boitiers-de-connecteurs-pour-circuits-imprimes/3628768,"https://media.rs-online.com/image/upload/bo_1.5px_solid_white,b_auto,c_pad,dpr_2,f_auto,h_399,q_auto,w_710/c_pad,h_399,w_710/F3628768-01?pgw=1",2,0,product-img,RS,https://abysse8.github.io/inventaire-images/images/010020__362-8768.jpg
010020,5021863,,0,,,,,,,,,,,
010021,362-9086,,0,"Gaine de connecteur, série MULTILOCK 070 Mâle, Droit TE Connectivity, , pas 3.5 mm, 12 contacts sur 2 rangs",1 unité,12,,https://fr.rs-online.com/web/p/boitiers-de-connecteurs-pour-circuits-imprimes/3629086,"https://media.rs-online.com/image/upload/bo_1.5px_solid_white,b_auto,c_pad,dpr_2,f_auto,h_399,q_auto,w_710/c_pad,h_399,w_710/F3629086-01?pgw=1",2,0,product-img,RS,https://abysse8.github.io/inventaire-images/images/010021__362-9086.jpg
010021,5022734,,0,,,,,,,,,,,
010054,362-9020,,0,"Gaine de connecteur, série MULTILOCK 070 Mâle, Droit TE Connectivity, , pas 3.5 mm, 6 contacts sur 1 rangs",1 unité,12,,https://fr.rs-online.com/web/p/boitiers-de-connecteurs-pour-circuits-imprimes/3629020,"https://media.rs-online.com/image/upload/bo_1.5px_solid_white,b_auto,c_pad,dpr_2,f_auto,h_399,q_auto,w_710/c_pad,h_399,w_710/F3629020-01?pgw=1",2,0,product-img,RS,https://abysse8.github.io/inventaire-images/images/010054__362-9020.jpg
010054,5020681,,0,,,,,,,,,,,
010022,362-9064,,0,"Gaine de connecteur, série MULTILOCK 070 Mâle, Droit TE Connectivity, , pas 3.5 mm, 8 contacts sur 2 rangs",,10,,https://fr.rs-online.com/web/p/boitiers-de-connecteurs-pour-circuits-imprimes/3629064,"https://media.rs-online.com/image/upload/bo_1.5px_solid_white,b_auto,c_pad,dpr_2,f_auto,h_399,q_auto,w_710/c_pad,h_399,w_710/R3629064-01?pgw=1",2,0,product-img,RS,https://abysse8.github.io/inventaire-images/images/010022__362-9064.jpg
010022,5021690,,0,,,,,,,,,,,
010044,475-397,,0,"Gaine de connecteur, série Trident Femelle, Droit ITT Cannon, , pas 5.08 mm, 3 contacts sur 1 rangs",1 paquet de 10 unités,,,https://fr.rs-online.com/web/p/boitiers-de-connecteurs-pour-circuits-imprimes/0475397,"https://media.rs-online.com/image/upload/bo_1.5px_solid_white,b_auto,c_pad,dpr_2,f_auto,h_399,q_auto,w_710/c_pad,h_399,w_710/F0475397-01?pgw=1",2,0,product-img,RS,https://abysse8.github.io/inventaire-images/images/010044__475-397.jpg
010044,5023403,,0,,,,,,,,,,,
010045,5026428,,0,,,,,,,,,,,
090005,776-2184,,0,"Raccord de gaine PMA Conduit de câble), en Polyamide 6 Noir Naturel, taille NW12 x 3, IP66",1 paquet de 2 unités,,,https://fr.rs-online.com/web/p/raccords-de-gaines/7762184,"https://media.rs-online.com/image/upload/bo_1.5px_solid_white,b_auto,c_pad,dpr_2,f_auto,h_399,q_auto,w_710/c_pad,h_399,w_710/F7762184-01?pgw=1",2,0,product-img,RS,https://abysse8.github.io/inventaire-images/images/090005__776-2184.jpg
050000,5020628,,0,,,,,,,,,,,
050000,742-4138,,0,"Rail DIN RS PRO, Fendu en Acier 2 m x 35mm x 7.5 mm",1 paquet de 4 unités,,,https://fr.rs-online.com/web/p/rails-din/7424138,"https://media.rs-online.com/image/upload/bo_1.5px_solid_white,b_auto,c_pad,dpr_2,f_auto,h_399,q_auto,w_710/c_pad,h_399,w_710/R0467416-02?pgw=1",2,0,product-img,RS,https://abysse8.github.io/inventaire-images/images/050000__742-4138.jpg
030043,,blank on sheet,0,,,,,,,,,,,
090000,HNE55600139,,0,,,,,,,,,,,
070002,5023674,,0,,,,,,,,,,,
050003,,blank on first line of pair,0,,,,,,,,,,,
050003,5026457,,0,,,,,,,,,,,
070001,330-8638,,0,"Commutateur à bouton-poussoir série Harmony XB4, SPST Schneider Electric, Panneau, Ressort de rappel 22 mm IP66, IP67,",1 unité,,,https://fr.rs-online.com/web/p/boutons-poussoirs/3308638,"https://media.rs-online.com/image/upload/bo_1.5px_solid_white,b_auto,c_pad,dpr_2,f_auto,h_399,q_auto,w_710/c_pad,h_399,w_710/Y3308638-01?pgw=1",2,0,product-img,RS,https://abysse8.github.io/inventaire-images/images/070001__330-8638.jpg
070001,5020033,,0,,,,,,,,,,,
010057,5020301,,0,,,,,,,,,,,
010038,484-1798,,0,"Gaine de connecteur, série Mini-Fit Jr Femelle, Droit Molex, , pas 4.2 mm, 10 contacts sur 2 rangs",1 paquet de 5 unités,,,https://fr.rs-online.com/web/p/boitiers-de-connecteurs-pour-circuits-imprimes/4841798,"https://media.rs-online.com/image/upload/bo_1.5px_solid_white,b_auto,c_pad,dpr_2,f_auto,h_399,q_auto,w_710/c_pad,h_399,w_710/F4841798-01?pgw=1",2,0,product-img,RS,https://abysse8.github.io/inventaire-images/images/010038__484-1798.jpg
010038,5022336,,0,,,,,,,,,,,
010039,484-1805,,0,"Gaine de connecteur, série Mini-Fit Jr Femelle, Droit Molex, , pas 4.2 mm, 12 contacts sur 2 rangs",1 paquet de 5 unités,,,https://fr.rs-online.com/web/p/boitiers-de-connecteurs-pour-circuits-imprimes/4841805,"https://media.rs-online.com/image/upload/bo_1.5px_solid_white,b_auto,c_pad,dpr_2,f_auto,h_399,q_auto,w_710/c_pad,h_399,w_710/F4841805-01?pgw=1",2,0,product-img,RS,https://abysse8.github.io/inventaire-images/images/010039__484-1805.jpg
010039,5022337,,0,,,,,,,,,,,
010040,172-9005,,0,"Gaine de connecteur, série Mini-Fit Jr Femelle, Droit Molex, , pas 4.2 mm, 14 contacts sur 2 rangs",,,,https://fr.rs-online.com/web/p/boitiers-de-connecteurs-pour-circuits-imprimes/1729005,"https://media.rs-online.com/image/upload/bo_1.5px_solid_white,b_auto,c_pad,dpr_2,f_auto,h_399,q_auto,w_710/c_pad,h_399,w_710/F1729005-01?pgw=1",2,0,product-img,RS,https://abysse8.github.io/inventaire-images/images/010040__172-9005.jpg
010040,5021750,,0,,,,,,,,,,,
010041,172-9011,,0,"Gaine de connecteur, série Mini-Fit Jr Femelle, Droit Molex, , pas 4.2 mm, 16 contacts sur 2 rangs",1 paquet de 5 unités,,,https://fr.rs-online.com/web/p/boitiers-de-connecteurs-pour-circuits-imprimes/1729011,"https://media.rs-online.com/image/upload/bo_1.5px_solid_white,b_auto,c_pad,dpr_2,f_auto,h_399,q_auto,w_710/c_pad,h_399,w_710/F1729011-01?pgw=1",2,0,product-img,RS,https://abysse8.github.io/inventaire-images/images/010041__172-9011.jpg
010041,5022441,,0,,,,,,,,,,,
010042,484-1748,,0,"Boîtier de connecteur à sertir, série Mini-Fit Femelle, Droit Molex, , pas 4.2 mm, 2 contacts sur 2 rangs",1 paquet de 5 unités,63,,https://fr.rs-online.com/web/p/boitiers-de-connecteurs-pour-circuits-imprimes/4841748,"https://media.rs-online.com/image/upload/bo_1.5px_solid_white,b_auto,c_pad,dpr_2,f_auto,h_399,q_auto,w_710/c_pad,h_399,w_710/C4841748-01?pgw=1",2,0,product-img,RS,https://abysse8.github.io/inventaire-images/images/010042__484-1748.jpg
010042,5020299,,0,,,,,,,,,,,
010061,172-9049,,0,"Gaine de connecteur, série Mini-Fit Jr Femelle, Droit Molex, , pas 4.2 mm, 20 contacts sur 2 rangs",1 paquet de 5 unités,,,https://fr.rs-online.com/web/p/boitiers-de-connecteurs-pour-circuits-imprimes/1729049,"https://media.rs-online.com/image/upload/bo_1.5px_solid_white,b_auto,c_pad,dpr_2,f_auto,h_399,q_auto,w_710/c_pad,h_399,w_710/F1729049-01?pgw=1",2,0,product-img,RS,https://abysse8.github.io/inventaire-images/images/010061__172-9049.jpg
010061,5022444,,0,,,,,,,,,,,
010056,5023578,,0,,,,,,,,,,,
010056,510-9691,,0,"Gaine de connecteur, série Mini-Fit Jr Femelle, Droit Molex, , pas 4.2 mm, 4 contacts sur 1 rangs",1 paquet de 5 unités,,,https://fr.rs-online.com/web/p/boitiers-de-connecteurs-pour-circuits-imprimes/5109691,"https://media.rs-online.com/image/upload/bo_1.5px_solid_white,b_auto,c_pad,dpr_2,f_auto,h_399,q_auto,w_710/c_pad,h_399,w_710/F5109691-01?pgw=1",2,0,product-img,RS,https://abysse8.github.io/inventaire-images/images/010056__510-9691.jpg
010043,484-1782,,0,"Boîtier de connecteur à sertir, série Mini-Fit Femelle, Droit Molex, , pas 4.2 mm, 8 contacts sur 2 rangs",1 paquet de 5 unités,,,https://fr.rs-online.com/web/p/boitiers-de-connecteurs-pour-circuits-imprimes/4841782,"https://media.rs-online.com/image/upload/bo_1.5px_solid_white,b_auto,c_pad,dpr_2,f_auto,h_399,q_auto,w_710/c_pad,h_399,w_710/C4841782-01?pgw=1",2,0,product-img,RS,https://abysse8.github.io/inventaire-images/images/010043__484-1782.jpg
010043,5020300,,0,,,,,,,,,,,
010055,362-8831,,0,"Gaine de connecteur, série MULTILOCK 040 Mâle, Droit TE Connectivity, , pas 2.54 mm, 6 contacts sur 1 rangs",1 unité,600,,https://fr.rs-online.com/web/p/boitiers-de-connecteurs-pour-circuits-imprimes/3628831,"https://media.rs-online.com/image/upload/bo_1.5px_solid_white,b_auto,c_pad,dpr_2,f_auto,h_399,q_auto,w_710/c_pad,h_399,w_710/R362872-01?pgw=1",2,0,product-img,RS,https://abysse8.github.io/inventaire-images/images/010055__362-8831.jpg
010013,756-1252,,0,"Connecteur automobile, série AMP MCP 2.8 Femelle, Droit TE Connectivity, , pas 5 mm, 6 contacts sur 3 rangs",1 paquet de 5 unités,215,,https://fr.rs-online.com/web/p/boitiers-de-connecteurs-pour-circuits-imprimes/7561252,"https://media.rs-online.com/image/upload/bo_1.5px_solid_white,b_auto,c_pad,dpr_2,f_auto,h_399,q_auto,w_710/c_pad,h_399,w_710/R7561252-01?pgw=1",2,0,product-img,RS,https://abysse8.github.io/inventaire-images/images/010013__756-1252.jpg
010014,5021084,,0,,,,,,,,,,,
010014,681-2648,,0,"Connecteur automobile, série AMP MCP 2.8 Femelle, Droit TE Connectivity, , pas 5.5 mm, 9 contacts sur 3 rangs",1 paquet de 5 unités,24,,https://fr.rs-online.com/web/p/boitiers-de-connecteurs-pour-circuits-imprimes/6812648,"https://media.rs-online.com/image/upload/bo_1.5px_solid_white,b_auto,c_pad,dpr_2,f_auto,h_399,q_auto,w_710/c_pad,h_399,w_710/F6812648-01?pgw=1",2,0,product-img,RS,https://abysse8.github.io/inventaire-images/images/010014__681-2648.jpg
010063,5021029,,0,,,,,,,,,,,
010063,909-7410,,0,"Connecteur automobile Junior Power Timer,  TE Connectivity type Montage enfichable type Boîtier de connecteur pour",,24,,https://fr.rs-online.com/web/p/connecteurs-automobiles/9097410,"https://media.rs-online.com/image/upload/bo_1.5px_solid_white,b_auto,c_pad,dpr_2,f_auto,h_399,q_auto,w_710/c_pad,h_399,w_710/R9097410-01?pgw=1",2,0,product-img,RS,https://abysse8.github.io/inventaire-images/images/010063__909-7410.jpg
010062,5021028,,0,,,,,,,,,,,
010062,909-7375,,0,"Connecteur automobile Junior Power Timer,  TE Connectivity type Boîtier de connecteur pour l'automobile  Noir,  type",1 paquet de 5 unités,,,https://fr.rs-online.com/web/p/connecteurs-automobiles/9097375,"https://media.rs-online.com/image/upload/bo_1.5px_solid_white,b_auto,c_pad,dpr_2,f_auto,h_399,q_auto,w_710/c_pad,h_399,w_710/R9097375-01?pgw=1",2,0,product-img,RS,https://abysse8.github.io/inventaire-images/images/010062__909-7375.jpg
010037,132-5164,,0,"Gaine de connecteur, série Universal MATE-N-LOK Femelle, Droit TE Connectivity, , pas 6.35 mm, 9 contacts sur 3 rangs",1 paquet de 5 unités,,,https://fr.rs-online.com/web/p/boitiers-de-connecteurs-pour-circuits-imprimes/1325164,"https://media.rs-online.com/image/upload/bo_1.5px_solid_white,b_auto,c_pad,dpr_2,f_auto,h_399,q_auto,w_710/c_pad,h_399,w_710/F1325164-01?pgw=1",2,0,product-img,RS,https://abysse8.github.io/inventaire-images/images/010037__132-5164.jpg
010037,5023470,,0,,,,,,,,,,,
010058,5026071,,0,,,,,,,,,,,
010058,848-880,,0,"Gaine de connecteur, série Universal MATE-N-LOK Mâle, Droit TE Connectivity, , pas 6.35 mm, 9 contacts sur 3 rangs",1 unité,,,https://fr.rs-online.com/web/p/boitiers-de-connecteurs-pour-circuits-imprimes/0848880,"https://media.rs-online.com/image/upload/bo_1.5px_solid_white,b_auto,c_pad,dpr_2,f_auto,h_399,q_auto,w_710/c_pad,h_399,w_710/F0848880-01?pgw=1",2,0,product-img,RS,https://abysse8.github.io/inventaire-images/images/010058__848-880.jpg
010015,1772904,,0,,,,,,,,,,,
010015,5022286,,0,,,,,,,,,,,
010016,5022552,,0,,,,,,,,,,,
010016,718-7053,,0,"Connecteur automobile Timer,  TE Connectivity type Câble type Boîtier de connecteur pour l'automobile  Marron,  type",1 unité,128,,https://fr.rs-online.com/web/p/connecteurs-automobiles/7187053,"https://media.rs-online.com/image/upload/bo_1.5px_solid_white,b_auto,c_pad,dpr_2,f_auto,h_399,q_auto,w_710/c_pad,h_399,w_710/F7187053-01?pgw=1",2,0,product-img,RS,https://abysse8.github.io/inventaire-images/images/010016__718-7053.jpg
010017,5022285,,0,,,,,,,,,,,
010017,681-2654,,0,"Connecteur automobile, série AMP MCP 2.8 Femelle, Droit TE Connectivity, , pas 5.5 mm, 18 contacts sur 3 rangs",1 paquet de 5 unités,3,,https://fr.rs-online.com/web/p/boitiers-de-connecteurs-pour-circuits-imprimes/6812654,"https://media.rs-online.com/image/upload/bo_1.5px_solid_white,b_auto,c_pad,dpr_2,f_auto,h_399,q_auto,w_710/c_pad,h_399,w_710/F6812654-01?pgw=1",2,0,product-img,RS,https://abysse8.github.io/inventaire-images/images/010017__681-2654.jpg
010057,484-1855,,0,"Gaine de connecteur, série Mini-Fit Jr Mâle, Droit Molex, , pas 4.2 mm, 8 contacts sur 2 rangs",1 paquet de 5 unités,113,,https://fr.rs-online.com/web/p/boitiers-de-connecteurs-pour-circuits-imprimes/4841855,"https://media.rs-online.com/image/upload/bo_1.5px_solid_white,b_auto,c_pad,dpr_2,f_auto,h_399,q_auto,w_710/c_pad,h_399,w_710/F4841855-01?pgw=1",2,0,product-img,RS,https://abysse8.github.io/inventaire-images/images/010057__484-1855.jpg
010002,124-7098,,0,"Connecteur cylindrique série T411, M12 TE Connectivity Droit, 5 contacts Connecteur mâle, Câble Mâle IP67",1 unité,118,,https://fr.rs-online.com/web/p/connecteurs-circulaires-industriels/1247098,"https://media.rs-online.com/image/upload/bo_1.5px_solid_white,b_auto,c_pad,dpr_2,f_auto,h_399,q_auto,w_710/c_pad,h_399,w_710/F1247098-01?pgw=1",2,0,product-img,RS,https://abysse8.github.io/inventaire-images/images/010002__124-7098.jpg
010002,5024848,,0,,,,,,,,,,,
090009,090009,,0,,,,,,,,,,,
090009,273-9705,,0,"Gaine thermorétractable, Noir Polyoléfine modifiée TE Connectivity, , Rétreint 3:1 Diam. 3 mm RAYCHEM DWHF",,,,https://fr.rs-online.com/web/p/gaines-thermoretractables/2739705,"https://media.rs-online.com/image/upload/bo_1.5px_solid_white,b_auto,c_pad,dpr_2,f_auto,h_399,q_auto,w_710/c_pad,h_399,w_710/Y2739704-01?pgw=1",2,0,product-img,RS,https://abysse8.github.io/inventaire-images/images/090009__273-9705.jpg
010052,484-1849,,0,"Gaine de connecteur, série Mini-Fit Jr Mâle, Droit Molex, , pas 4.2 mm, 6 contacts sur 2 rangs",1 paquet de 5 unités,38,,https://fr.rs-online.com/web/p/boitiers-de-connecteurs-pour-circuits-imprimes/4841849,"https://media.rs-online.com/image/upload/bo_1.5px_solid_white,b_auto,c_pad,dpr_2,f_auto,h_399,q_auto,w_710/c_pad,h_399,w_710/F4841849-01?pgw=1",2,0,product-img,RS,https://abysse8.github.io/inventaire-images/images/010052__484-1849.jpg
010052,5023098,,0,,,,,,,,,,,
010030,362-8780,,0,"Gaine de connecteur, série MULTILOCK 040 Mâle, Droit TE Connectivity, , pas 2.5 mm, 16 contacts sur 2 rangs",,44,,https://fr.rs-online.com/web/p/boitiers-de-connecteurs-pour-circuits-imprimes/3628780,"https://media.rs-online.com/image/upload/bo_1.5px_solid_white,b_auto,c_pad,dpr_2,f_auto,h_399,q_auto,w_710/c_pad,h_399,w_710/F3628780-01?pgw=1",2,0,product-img,RS,https://abysse8.github.io/inventaire-images/images/010030__362-8780.jpg
010030,5026423,,0,,,,,,,,,,,
050002,,blank on first line of pair,0,,,,,,,,,,,
050002,5026459,,0,,,,,,,,,,,
050001,5026458,,0,,,,,,,,,,,
050001,SCURBSAER5184,,0,,,,,,,,,,,
010031,395-7331,,0,"Connecteur DIN mâle Standard TE Connectivity DIN Droit, 4 contacts IP67, IP69 DIN 72585 30A 4 à Clé Mâle, Montage sur",1 unité,9,,https://fr.rs-online.com/web/p/connecteurs-din/3957331,"https://media.rs-online.com/image/upload/bo_1.5px_solid_white,b_auto,c_pad,dpr_2,f_auto,h_399,q_auto,w_710/c_pad,h_399,w_710/R395727-91?pgw=1",2,0,product-img,RS,https://abysse8.github.io/inventaire-images/images/010031__395-7331.jpg
010031,5026416,,0,,,,,,,,,,,
010032,09454521560,,0,,,,,,,,,,,
010032,5026415,,0,,,,,,,,,,,
010077,213-5498,,0,"Prolongateur à sertir 19199, Type Crosse Molex Rouge, Isolé placage Etain 18 AWG",1 paquet de 10 unités,,,https://fr.rs-online.com/web/p/prolongateurs-a-sertir/2135498,"https://media.rs-online.com/image/upload/bo_1.5px_solid_white,b_auto,c_pad,dpr_2,f_auto,h_399,q_auto,w_710/c_pad,h_399,w_710/Y2135498-01?pgw=1",2,0,product-img,RS,https://abysse8.github.io/inventaire-images/images/010077__213-5498.jpg
090008,432-3464,,0,"Raccord de gaine PMA Conduit de câble), en Polyamide 6 Noir, IP66",1 paquet de 4 unités,,,https://fr.rs-online.com/web/p/raccords-de-gaines/4323464,"https://media.rs-online.com/image/upload/bo_1.5px_solid_white,b_auto,c_pad,dpr_2,f_auto,h_399,q_auto,w_710/c_pad,h_399,w_710/vqefbubgwryyqu7vzttg?pgw=1",2,0,product-img,RS,https://abysse8.github.io/inventaire-images/images/090008__432-3464.jpg
020015,718-1178,,0,"Contact à sertir AMP MCP 1.5K, Femelle, type Contact serti TE Connectivity",1 paquet de 10 unités,,,https://fr.rs-online.com/web/p/contacts-pour-connecteurs-automobiles/7181178,"https://media.rs-online.com/image/upload/bo_1.5px_solid_white,b_auto,c_pad,dpr_2,f_auto,h_399,q_auto,w_710/c_pad,h_399,w_710/F7181178-01?pgw=1",2,0,product-img,RS,https://abysse8.github.io/inventaire-images/images/020015__718-1178.jpg
010070,388-4637,,0,Phoenix Contact D-ST Flasque d&#146;extrémité pour Borniers rail DIN,1 paquet de 5 unités,51,,https://fr.rs-online.com/web/p/accessoires-de-borniers-pour-rail-din/3884637,"https://media.rs-online.com/image/upload/bo_1.5px_solid_white,b_auto,c_pad,dpr_2,f_auto,h_399,q_auto,w_710/c_pad,h_399,w_710/F3884637-01?pgw=1",2,0,product-img,RS,https://abysse8.github.io/inventaire-images/images/010070__388-4637.jpg
010070,5022805,,0,,,,,,,,,,,
010029,5026419,,0,,,,,,,,,,,
010029,507-6585,,0,WAGO Plaque d'extrémité et intermédiaire pour Blocs de jonction de la série 2002 IECEx,1 paquet de 10 unités,,,https://fr.rs-online.com/web/p/accessoires-de-borniers-pour-rail-din/5076585,"https://media.rs-online.com/image/upload/bo_1.5px_solid_white,b_auto,c_pad,dpr_2,f_auto,h_399,q_auto,w_710/c_pad,h_399,w_710/F5076585-01?pgw=1",2,0,product-img,RS,https://abysse8.github.io/inventaire-images/images/010029__507-6585.jpg
070004,5020631,,0,,,,,,,,,,,
070003,5020630,,0,,,,,,,,,,,
ZZ DIVERS,,blank on sheet,0,,,,,,,,,,,
020001,458-702,,0,"Férule en lacet à sertir RS PRO Isolé, longueur 8 mm, Rouge diamètre 1.7 mm,  18 AWG,",1 paquet de 100 unités,7,,https://fr.rs-online.com/web/p/embouts-de-cablage/0458702,"https://media.rs-online.com/image/upload/bo_1.5px_solid_white,b_auto,c_pad,dpr_2,f_auto,h_399,q_auto,w_710/c_pad,h_399,w_710/F0458702-01?pgw=1",2,0,product-img,RS,https://abysse8.github.io/inventaire-images/images/020001__458-702.jpg
020001,5054600,,0,,,,,,,,,,,
020002,458-724,,0,"Férule en lacet à sertir RS PRO Isolé, longueur 8 mm, Gris diamètre 2.5 mm,  14 AWG,",1 paquet de 100 unités,7,,https://fr.rs-online.com/web/p/embouts-de-cablage/0458724,"https://media.rs-online.com/image/upload/bo_1.5px_solid_white,b_auto,c_pad,dpr_2,f_auto,h_399,q_auto,w_710/c_pad,h_399,w_710/C0458724-01?pgw=1",3,0,product-img,RS,https://abysse8.github.io/inventaire-images/images/020002__458-724.jpg
020002,5026005,,0,,,,,,,,,,,
020000,254-6407,,0,"Férule en lacet à sertir Schneider Electric série Linergy DZ5 Isolé, longueur 8.2 mm, Bleu diamètre 1.6 mm,  20 AWG,",1 boîte de 100 unités,,,https://fr.rs-online.com/web/p/embouts-de-cablage/2546407,"https://media.rs-online.com/image/upload/bo_1.5px_solid_white,b_auto,c_pad,dpr_2,f_auto,h_399,q_auto,w_710/c_pad,h_399,w_710/R2546407-01?pgw=1",2,0,product-img,RS,https://abysse8.github.io/inventaire-images/images/020000__254-6407.jpg
020000,5026003,,0,,,,,,,,,,,
ZZ ESCOMPTE,,blank on sheet,0,,,,,,,,,,,
060001,556-20069,,0,Ce produit n’existe pas ou n’est pas défini dans votre organisation :  '55620069',,,,,,,0,,,
060002,5020742,,0,,,,,,,,,,,
060002,546319-62,,0,Ce produit n’existe pas ou n’est pas défini dans votre organisation :  '54631962',,,,,,,0,,,
020004,726-8981,,0,Cosse à sertir TE Connectivity AMP MCP 2.8 Femelle Contact serti Argent 15 AWG 13 AWG,,,,https://fr.rs-online.com/web/p/contacts-a-sertir/7268981,"https://media.rs-online.com/image/upload/bo_1.5px_solid_white,b_auto,c_pad,dpr_2,f_auto,h_399,q_auto,w_710/c_pad,h_399,w_710/F7268981-01?pgw=1",2,0,product-img,RS,https://abysse8.github.io/inventaire-images/images/020004__726-8981.jpg
020011,5023483,,0,,,,,,,,,,,
020011,909-7577,,0,"Contact pour connecteur automobile Junior Timer, Femelle, type Contact serti TE Connectivity",1 paquet de 10 unités,,,https://fr.rs-online.com/web/p/contacts-pour-connecteurs-automobiles/9097577,"https://media.rs-online.com/image/upload/bo_1.5px_solid_white,b_auto,c_pad,dpr_2,f_auto,h_399,q_auto,w_710/c_pad,h_399,w_710/R9097577-01?pgw=1",2,0,product-img,RS,https://abysse8.github.io/inventaire-images/images/020011__909-7577.jpg
020012,5021657,,0,,,,,,,,,,,
020012,909-7508,,0,"Contact pour connecteur automobile Junior Timer, Femelle, type Récepteur, type Contact serti TE Connectivity",1 paquet de 10 unités,,,https://fr.rs-online.com/web/p/contacts-pour-connecteurs-automobiles/9097508,"https://media.rs-online.com/image/upload/bo_1.5px_solid_white,b_auto,c_pad,dpr_2,f_auto,h_399,q_auto,w_710/c_pad,h_399,w_710/R9097508-01?pgw=1",2,0,product-img,RS,https://abysse8.github.io/inventaire-images/images/020012__909-7508.jpg
020005,5022700,,0,,,,,,,,,,,
020005,718-1061,,0,Cosse à sertir TE Connectivity PTPB LP Mâle Contact serti Etain 13 AWG 17 AWG,1 paquet de 10 unités,,,https://fr.rs-online.com/web/p/contacts-a-sertir/7181061,"https://media.rs-online.com/image/upload/bo_1.5px_solid_white,b_auto,c_pad,dpr_2,f_auto,h_399,q_auto,w_710/c_pad,h_399,w_710/F7181061-01?pgw=1",2,0,product-img,RS,https://abysse8.github.io/inventaire-images/images/020005__718-1061.jpg
020009,172-9134,,0,Cosse à sertir Molex 5556 Femelle Contact serti Etain 18 AWG 24 AWG,1 sachet de 100 unités,,,https://fr.rs-online.com/web/p/contacts-a-sertir/1729134,"https://media.rs-online.com/image/upload/bo_1.5px_solid_white,b_auto,c_pad,dpr_2,f_auto,h_399,q_auto,w_710/c_pad,h_399,w_710/F1729134-01?pgw=1",2,0,product-img,RS,https://abysse8.github.io/inventaire-images/images/020009__172-9134.jpg
020009,5020778,,0,,,,,,,,,,,
020010,215-5887,,0,Cosse à sertir Molex 5556 Femelle Contact serti Etain 16 AWG 16 AWG,1 sachet de 100 unités,,,https://fr.rs-online.com/web/p/contacts-a-sertir/2155887,"https://media.rs-online.com/image/upload/bo_1.5px_solid_white,b_auto,c_pad,dpr_2,f_auto,h_399,q_auto,w_710/c_pad,h_399,w_710/C2155887-01?pgw=1",2,0,product-img,RS,https://abysse8.github.io/inventaire-images/images/020010__215-5887.jpg
020006,362-8869,,0,Cosse à sertir TE Connectivity MULTILOCK 040 Femelle Contact serti Etain 20 AWG 22 AWG,1 paquet de 50 unités,,,https://fr.rs-online.com/web/p/contacts-a-sertir/3628869,"https://media.rs-online.com/image/upload/bo_1.5px_solid_white,b_auto,c_pad,dpr_2,f_auto,h_399,q_auto,w_710/c_pad,h_399,w_710/F3628869-01?pgw=1",2,0,product-img,RS,https://abysse8.github.io/inventaire-images/images/020006__362-8869.jpg
020006,5020352,,0,,,,,,,,,,,
020007,362-9367,,0,Cosse à sertir TE Connectivity MULTILOCK 070 Femelle Contact serti Etain 16 AWG 20 AWG,1 paquet de 50 unités,,,https://fr.rs-online.com/web/p/contacts-a-sertir/3629367,"https://media.rs-online.com/image/upload/bo_1.5px_solid_white,b_auto,c_pad,dpr_2,f_auto,h_399,q_auto,w_710/c_pad,h_399,w_710/F3629367-01?pgw=1",2,0,product-img,RS,https://abysse8.github.io/inventaire-images/images/020007__362-9367.jpg
020007,5020322,,0,,,,,,,,,,,
020008,5020715,,0,,,,,,,,,,,
020008,613-9255,,0,"Cosses à œillet RS PRO, M6, Isolé Etain, Rouge 6.4 mm 105 °C 16 AWG, série E245391 22 AWG -40 °C",1 paquet de 100 unités,101,,https://fr.rs-online.com/web/p/cosses-a-oeillet/6139255,"https://media.rs-online.com/image/upload/bo_1.5px_solid_white,b_auto,c_pad,dpr_2,f_auto,h_399,q_auto,w_710/c_pad,h_399,w_710/F6139255-01?pgw=1",2,0,product-img,RS,https://abysse8.github.io/inventaire-images/images/020008__613-9255.jpg
020003,5024847,,0,,,,,,,,,,,
020003,682-7365,,0,Cosse à sertir TE Connectivity VAL-U-LOK Femelle Contact serti Etain 18 AWG 22 AWG,1 paquet de 100 unités,,,https://fr.rs-online.com/web/p/contacts-a-sertir/6827365,"https://media.rs-online.com/image/upload/bo_1.5px_solid_white,b_auto,c_pad,dpr_2,f_auto,h_399,q_auto,w_710/c_pad,h_399,w_710/R6827365-01?pgw=1",2,0,product-img,RS,https://abysse8.github.io/inventaire-images/images/020003__682-7365.jpg
010050,484-1760,,0,"Boîtier de connecteur à sertir, série Mini-Fit Femelle, Droit Molex, , pas 4.2 mm, 6 contacts sur 2 rangs",1 paquet de 5 unités,38,,https://fr.rs-online.com/web/p/boitiers-de-connecteurs-pour-circuits-imprimes/4841760,"https://media.rs-online.com/image/upload/bo_1.5px_solid_white,b_auto,c_pad,dpr_2,f_auto,h_399,q_auto,w_710/c_pad,h_399,w_710/F4841760-01?pgw=1",2,0,product-img,RS,https://abysse8.github.io/inventaire-images/images/010050__484-1760.jpg
010050,5022203,,0,,,,,,,,,,,
010053,5022310,,0,,,,,,,,,,,
010053,700-9562,,0,Amphenol RF SMA Connecteur SMA Mâle Câble 50 Ω RG58 Contact serti Droit,1 unité,,,https://fr.rs-online.com/web/p/connecteurs-coaxiaux/7009562,"https://media.rs-online.com/image/upload/bo_1.5px_solid_white,b_auto,c_pad,dpr_2,f_auto,h_399,q_auto,w_710/c_pad,h_399,w_710/F7009562-01?pgw=1",2,0,product-img,RS,https://abysse8.github.io/inventaire-images/images/010053__700-9562.jpg
010051,193-7767,,0,Telegartner SMA Connecteur SMA Mâle Câble 50 Ω RG58C/U Contact serti Droit,1 unité,,,https://fr.rs-online.com/web/p/connecteurs-coaxiaux/1937767,"https://media.rs-online.com/image/upload/bo_1.5px_solid_white,b_auto,c_pad,dpr_2,f_auto,h_399,q_auto,w_710/c_pad,h_399,w_710/R1937767-01?pgw=1",3,0,product-img,RS,https://abysse8.github.io/inventaire-images/images/010051__193-7767.jpg
010051,5020885,,0,,,,,,,,,,,
010027,251-245,,0,Connecteur Sub-D Amphenol Communications Solutions 15 voies D-SUB Droit Montage sur panneau Femelle A 1.0kV,1 unité,,,https://fr.rs-online.com/web/p/connecteurs-sub-d/0251245,"https://media.rs-online.com/image/upload/bo_1.5px_solid_white,b_auto,c_pad,dpr_2,f_auto,h_399,q_auto,w_710/c_pad,h_399,w_710/F0251245-01?pgw=1",2,0,product-img,RS,https://abysse8.github.io/inventaire-images/images/010027__251-245.jpg
010027,5020385,,0,,,,,,,,,,,
010059,251-756,,0,Connecteur Sub-D Amphenol Communications Solutions 9 voies D-SUB Droit Montage sur panneau Mâle E 1.0kV,1 unité,57,,https://fr.rs-online.com/web/p/connecteurs-sub-d/0251756,"https://media.rs-online.com/image/upload/bo_1.5px_solid_white,b_auto,c_pad,dpr_2,f_auto,h_399,q_auto,w_710/c_pad,h_399,w_710/F0251756-01?pgw=1",2,0,product-img,RS,https://abysse8.github.io/inventaire-images/images/010059__251-756.jpg
010059,5020390,,0,,,,,,,,,,,
010066,5022341,,0,,,,,,,,,,,
010066,617-0486,,0,Connecteur Sub-D ITT Cannon 26 voies série ZDUA D-SUB Droit Montage sur panneau Mâle A,,4,,https://fr.rs-online.com/web/p/connecteurs-sub-d/6170486,"https://media.rs-online.com/image/upload/bo_1.5px_solid_white,b_auto,c_pad,dpr_2,f_auto,h_399,q_auto,w_710/c_pad,h_399,w_710/F6170486-01?pgw=1",2,0,product-img,RS,https://abysse8.github.io/inventaire-images/images/010066__617-0486.jpg
010001,5024892,,0,,,,,,,,,,,
010001,717-6551,,0,"Gaine de connecteur, série VAL-U-LOK Femelle, Droit TE Connectivity, , pas 4.2 mm, 4 contacts sur 2 rangs",1 paquet de 5 unités,,,https://fr.rs-online.com/web/p/boitiers-de-connecteurs-pour-circuits-imprimes/7176551,"https://media.rs-online.com/image/upload/bo_1.5px_solid_white,b_auto,c_pad,dpr_2,f_auto,h_399,q_auto,w_710/c_pad,h_399,w_710/F7176551-01?pgw=1",2,0,product-img,RS,https://abysse8.github.io/inventaire-images/images/010001__717-6551.jpg
070000,193-5870,,0,"Convertisseur DC/DC DTJ15, 12V c.c. 36V c.c. 1.25 A 9V XP Power 15 W -40 °C 100 °C, Châssis",1 unité,,,https://fr.rs-online.com/web/p/convertisseurs-dc-dc/1935870,"https://media.rs-online.com/image/upload/bo_1.5px_solid_white,b_auto,c_pad,dpr_2,f_auto,h_399,q_auto,w_710/c_pad,h_399,w_710/Y1935870-01?pgw=1",2,0,product-img,RS,https://abysse8.github.io/inventaire-images/images/070000__193-5870.jpg
070000,5026417,,0,,,,,,,,,,,
030052,21349292477010,,0,,,,,,,,,,,
030052,5022924,,0,,,,,,,,,,,
030049,09484747756010,,0,,,,,,,,,,,
030049,5022934,,0,,,,,,,,,,,
030046,09457005051,,0,,,,,,,,,,,
030046,5020645,,0,,,,,,,,,,,
030047,09457005027,,0,,,,,,,,,,,
030047,5020644,,0,,,,,,,,,,,
030035,0948C0C1756005,,0,,,,,,,,,,,
030035,5026433,,0,,,,,,,,,,,
030051,10C752093/10M,,0,,,,,,,,,,,
030050,10C752093/05M,,0,,,,,,,,,,,
030040,,blank on sheet,0,,,,,,,,,,,
030041,,blank on sheet,0,,,,,,,,,,,
030042,,blank on sheet,0,,,,,,,,,,,
020014,726-6737,,0,"Cosse à sertir AMPSEAL 16, Mâle, type Contact mâle, type Contact serti TE Connectivity",1 paquet de 50 unités,,,https://fr.rs-online.com/web/p/contacts-pour-connecteurs-automobiles/7266737,"https://media.rs-online.com/image/upload/bo_1.5px_solid_white,b_auto,c_pad,dpr_2,f_auto,h_399,q_auto,w_710/c_pad,h_399,w_710/R7266737-01?pgw=1",2,0,product-img,RS,https://abysse8.github.io/inventaire-images/images/020014__726-6737.jpg
020013,718-1529,,0,"Cosse à sertir Ampseal, Femelle, type Embase, type Contact serti TE Connectivity",1 paquet de 10 unités,,,https://fr.rs-online.com/web/p/contacts-pour-connecteurs-automobiles/7181529,"https://media.rs-online.com/image/upload/bo_1.5px_solid_white,b_auto,c_pad,dpr_2,f_auto,h_399,q_auto,w_710/c_pad,h_399,w_710/F7181529-01?pgw=1",2,0,product-img,RS,https://abysse8.github.io/inventaire-images/images/020013__718-1529.jpg
020016,756-1221,,0,Cosse à sertir TE Connectivity AMP MCP 1.5K Mâle Contact serti Argent 20 AWG 17 AWG,1 paquet de 5 unités,10,,https://fr.rs-online.com/web/p/contacts-a-sertir/7561221,"https://media.rs-online.com/image/upload/bo_1.5px_solid_white,b_auto,c_pad,dpr_2,f_auto,h_399,q_auto,w_710/c_pad,h_399,w_710/F7561221-01?pgw=1",2,0,product-img,RS,https://abysse8.github.io/inventaire-images/images/020016__756-1221.jpg
020017,680-5179,,0,"Cosse faston, série : Superseal, Noir, Non-isolé Femelle TE Connectivity 1.5 x 0.8 mm 21 AWG 20 AWG",,12,,https://fr.rs-online.com/web/p/cosses-faston/6805179,"https://media.rs-online.com/image/upload/bo_1.5px_solid_white,b_auto,c_pad,dpr_2,f_auto,h_399,q_auto,w_710/c_pad,h_399,w_710/R6802063-02?pgw=1",2,0,product-img,RS,https://abysse8.github.io/inventaire-images/images/020017__680-5179.jpg
020004,5020930,,0,,,,,,,,,,,
010069,687-9792,,0,Phoenix Contact FBS 2-5 Barrette de Jonction,1 paquet de 5 unités,20,,https://fr.rs-online.com/web/p/accessoires-de-borniers-pour-rail-din/6879792,"https://media.rs-online.com/image/upload/bo_1.5px_solid_white,b_auto,c_pad,dpr_2,f_auto,h_399,q_auto,w_710/c_pad,h_399,w_710/F6879792-01?pgw=1",2,0,product-img,RS,https://abysse8.github.io/inventaire-images/images/010069__687-9792.jpg
010035,278-7830,,0,"Bloc de jonction à fusibles WAGO TOPJOB S 500V, Gris, 6mm² CSA 1 Enfichable Avec fusible",1 boîte de 5 unités,3,,https://fr.rs-online.com/web/p/borniers-rail-din/2787830,"https://media.rs-online.com/image/upload/bo_1.5px_solid_white,b_auto,c_pad,dpr_2,f_auto,h_399,q_auto,w_710/c_pad,h_399,w_710/Y2787829-01?pgw=1",2,0,product-img,RS,https://abysse8.github.io/inventaire-images/images/010035__278-7830.jpg
010035,5026434,,0,,,,,,,,,,,
010000,490-TBP01P1-508-06BE,,0,Ce produit n’existe pas ou n’est pas défini dans votre organisation :  '49001150806',,,,,,,0,,,
010000,5024891,,0,,,,,,,,,,,
010009,5023555,crossed on sheet,0,,,,,,,,,,,
010009,909-7397,,0,"Connecteur automobile Timer,  TE Connectivity type Montage enfichable type Boîtier de connecteur pour l'automobile",1 unité,128,,https://fr.rs-online.com/web/p/connecteurs-automobiles/9097397,"https://media.rs-online.com/image/upload/bo_1.5px_solid_white,b_auto,c_pad,dpr_2,f_auto,h_399,q_auto,w_710/c_pad,h_399,w_710/R9097397-01?pgw=1",2,0,product-img,RS,https://abysse8.github.io/inventaire-images/images/010009__909-7397.jpg
010010,5023757,,0,,,,,,,,,,,
010010,726-8972,,0,"Connecteur automobile AMP MCP 2.8,  TE Connectivity type Câble type Connecteur automobile  Bleu,  type Contact serti 6P",1 paquet de 5 unités,70,,https://fr.rs-online.com/web/p/connecteurs-automobiles/7268972,"https://media.rs-online.com/image/upload/bo_1.5px_solid_white,b_auto,c_pad,dpr_2,f_auto,h_399,q_auto,w_710/c_pad,h_399,w_710/F7268972-01?pgw=1",2,0,product-img,RS,https://abysse8.github.io/inventaire-images/images/010010__726-8972.jpg
010003,5023556,,0,,,,,,,,,,,
010003,909-7517,,0,"Connecteur automobile Timer,  TE Connectivity type Montage enfichable type Boîtier de connecteur pour l'automobile",,10,,https://fr.rs-online.com/web/p/connecteurs-automobiles/9097517,"https://media.rs-online.com/image/upload/bo_1.5px_solid_white,b_auto,c_pad,dpr_2,f_auto,h_399,q_auto,w_710/c_pad,h_399,w_710/R9097517-01?pgw=1",2,0,product-img,RS,https://abysse8.github.io/inventaire-images/images/010003__909-7517.jpg
010011,5023274,,0,,,,,,,,,,,
010011,726-8975,,0,"Connecteur automobile Timer,  TE Connectivity type Câble type Connecteur automobile  Jaune,  type Contact serti 9P",1 paquet de 5 unités,12,,https://fr.rs-online.com/web/p/connecteurs-automobiles/7268975,"https://media.rs-online.com/image/upload/bo_1.5px_solid_white,b_auto,c_pad,dpr_2,f_auto,h_399,q_auto,w_710/c_pad,h_399,w_710/F7268975-01?pgw=1",2,0,product-img,RS,https://abysse8.github.io/inventaire-images/images/010011__726-8975.jpg
010012,5021085,,0,,,,,,,,,,,
010012,681-2650,,0,"Connecteur automobile, série AMP MCP 2.8 Femelle, Droit TE Connectivity, , pas 5.5 mm, 15 contacts sur 3 rangs",1 paquet de 5 unités,45,,https://fr.rs-online.com/web/p/boitiers-de-connecteurs-pour-circuits-imprimes/6812650,"https://media.rs-online.com/image/upload/bo_1.5px_solid_white,b_auto,c_pad,dpr_2,f_auto,h_399,q_auto,w_710/c_pad,h_399,w_710/F6812650-01?pgw=1",2,0,product-img,RS,https://abysse8.github.io/inventaire-images/images/010012__681-2650.jpg
010026,5024894,,0,,,,,,,,,,,
010026,756-1252,,0,"Connecteur automobile, série AMP MCP 2.8 Femelle, Droit TE Connectivity, , pas 5 mm, 6 contacts sur 3 rangs",1 paquet de 5 unités,,,https://fr.rs-online.com/web/p/boitiers-de-connecteurs-pour-circuits-imprimes/7561252,"https://media.rs-online.com/image/upload/bo_1.5px_solid_white,b_auto,c_pad,dpr_2,f_auto,h_399,q_auto,w_710/c_pad,h_399,w_710/R7561252-01?pgw=1",2,0,product-img,RS,https://abysse8.github.io/inventaire-images/images/010026__756-1252.jpg
010013,5021089,,0,,,,,,,,,,,
990010,432-3464,,0,"Raccord de gaine PMA Conduit de câble), en Polyamide 6 Noir, IP66",1 paquet de 4 unités,,,https://fr.rs-online.com/web/p/raccords-de-gaines/4323464,"https://media.rs-online.com/image/upload/bo_1.5px_solid_white,b_auto,c_pad,dpr_2,f_auto,h_399,q_auto,w_710/c_pad,h_399,w_710/vqefbubgwryyqu7vzttg?pgw=1",2,0,product-img,RS,https://abysse8.github.io/inventaire-images/images/990010__432-3464.jpg
010004,5023061,,0,,,,,,,,,,,
010004,726-9102,,0,TE Connectivity Droit série Junior Power Timer Polybutylène téréphtalate renforcé de fibre de verre Plaque de,1 paquet de 10 unités,70,,https://fr.rs-online.com/web/p/accessoires-pour-connecteurs-automobiles/7269102,"https://media.rs-online.com/image/upload/bo_1.5px_solid_white,b_auto,c_pad,dpr_2,f_auto,h_399,q_auto,w_710/c_pad,h_399,w_710/F7269102-01?pgw=1",2,0,product-img,RS,https://abysse8.github.io/inventaire-images/images/010004__726-9102.jpg
010005,5026421,,0,,,,,,,,,,,
010005,726-9111,,0,TE Connectivity Droit série Junior Power Timer Polybutylène téréphtalate renforcé de fibre de verre Plaque de,1 paquet de 10 unités,,,https://fr.rs-online.com/web/p/accessoires-pour-connecteurs-automobiles/7269111,"https://media.rs-online.com/image/upload/bo_1.5px_solid_white,b_auto,c_pad,dpr_2,f_auto,h_399,q_auto,w_710/c_pad,h_399,w_710/F7269111-01?pgw=1",2,0,product-img,RS,https://abysse8.github.io/inventaire-images/images/010005__726-9111.jpg
010006,5026422,,0,,,,,,,,,,,
010006,726-9114,,0,TE Connectivity Axial série Junior Power Timer Polybutylène téréphtalate renforcé de fibre de verre Plaque de,1 paquet de 10 unités,,,https://fr.rs-online.com/web/p/accessoires-pour-connecteurs-automobiles/7269114,"https://media.rs-online.com/image/upload/bo_1.5px_solid_white,b_auto,c_pad,dpr_2,f_auto,h_399,q_auto,w_710/c_pad,h_399,w_710/F7269114-01?pgw=1",2,0,product-img,RS,https://abysse8.github.io/inventaire-images/images/010006__726-9114.jpg
010007,5023592,,0,,,,,,,,,,,
010007,726-9118,,0,TE Connectivity Droit série Junior Power Timer Polybutylène téréphtalate renforcé de fibre de verre Plaque de,1 paquet de 10 unités,418,,https://fr.rs-online.com/web/p/accessoires-pour-connecteurs-automobiles/7269118,"https://media.rs-online.com/image/upload/bo_1.5px_solid_white,b_auto,c_pad,dpr_2,f_auto,h_399,q_auto,w_710/c_pad,h_399,w_710/F7269118-01?pgw=1",2,0,product-img,RS,https://abysse8.github.io/inventaire-images/images/010007__726-9118.jpg
010008,2575736,,0,,,,,,,,,,,
010008,5023275,,0,,,,,,,,,,,
010008,726-9105,,0,TE Connectivity Droit série Junior Power Timer Polybutylène téréphtalate renforcé de fibre de verre Plaque de,1 paquet de 10 unités,66,,https://fr.rs-online.com/web/p/accessoires-pour-connecteurs-automobiles/7269105,"https://media.rs-online.com/image/upload/bo_1.5px_solid_white,b_auto,c_pad,dpr_2,f_auto,h_399,q_auto,w_710/c_pad,h_399,w_710/F7269105-01?pgw=1",2,0,product-img,RS,https://abysse8.github.io/inventaire-images/images/010008__726-9105.jpg
010033,5026426,,0,,,,,,,,,,,
010033,758-1770,,0,WAGO Barrette de Jonction pour Blocs de jonction de la série 2006,1 paquet de 10 unités,4,,https://fr.rs-online.com/web/p/accessoires-de-borniers-pour-rail-din/7581770,"https://media.rs-online.com/image/upload/bo_1.5px_solid_white,b_auto,c_pad,dpr_2,f_auto,h_399,q_auto,w_710/c_pad,h_399,w_710/R7581770-01?pgw=1",2,0,product-img,RS,https://abysse8.github.io/inventaire-images/images/010033__758-1770.jpg
010034,247-5845,,0,WAGO Barrette de Jonction pour Blocs de jonction de la série 2006,1 paquet de 25 unités,,,https://fr.rs-online.com/web/p/accessoires-de-borniers-pour-rail-din/2475845,"https://media.rs-online.com/image/upload/bo_1.5px_solid_white,b_auto,c_pad,dpr_2,f_auto,h_399,q_auto,w_710/c_pad,h_399,w_710/Y2475845-01?pgw=1",2,0,product-img,RS,https://abysse8.github.io/inventaire-images/images/010034__247-5845.jpg
010034,5026427,,0,,,,,,,,,,,
010069,5021695,,0,,,,,,,,,,,
